anna.antonje,
camjaraad,
armoredheartcosplay1,
matthew_lillard_,
darkness429,
drlupo,
kukombo,
notbrookemonk,
sunfyretv,
bucketsthedrummer,
itsboyinspace,
mrtalalaa,
missbricosplay,
tpain,
steven_he,
jessicajska,
kizunaai0630,
rhia.official,
kotjcosplay,
xiaorouseeu1231,
codemiko,
straw_hat_goofy,
katjaglieson,
lindseystirling,
harpistkt,
supes,
darlaeliza,
jetbentlee,
caitchristinee,
wearehalocene,
minakess,
xowiejones,
charlidamelio,
juliagisella,
noteasybeinwheezy,
elgatogaming,
linustech,
gfuelenergy,
markiplier,
discord,
xbox,
uespiiiii.1115,
misopacketbae,
jongraz,
inkheart95,
nilered,
bbjessttv,
voceux,
auditydraws,
wonderfulweirdoz,
aquariumpacific,
thekiffness,
deputyaruuu,
tubbynugget,
taylorswift,
simuliu,
kallmewhateveryouwant,
mrbeast,
melaniewilking,
megturney,
vancityreynolds,
ijustine,
aliyahm411,
drewgulliver,
emiru,
tomcardy,
creatingwonders,
david.michael.frank,
amhband,
carlomalis,
celinaspookyboo,
chinamcclain,
jennmotherofdragons,
littlesiha,
jackthepoolboy,
bdylanhollis,
adaliatta,
hamillhimself,
ox_zung,
sean_flanagannn,
khaby.lame,
jasonbankscomedy,
jackblack,
brodywellmaker,
bynxmusic,
the_mannii,
dunkin.ducks,
kallmekris,
mscaliverse,
zozoroe,
drdisrespectlive,
bukkitbrown,
texasbeeworks,
lubalin,
tayamillerr,
timthetatman,
couragejd,
brookemonk_,
tadhgfleming,
imkevinhart,
flakeysalt,
christian,
marshmellomusic,
therock,
poki,
ninja,
avivasofia,
onlyjayus,
xavierhenry_,
zachking,
arnoldschnitzel,
bonbibonkers,
terrycrews,
steveharvey,
ukuleleda1,
fluffyguy,
ethantrace,
thecardguy,
thomassanders,
cindy518c,
willsmith,
adamw,
ghoulbagel,
qpark,
fallontonight,
